映画・ドラマ,地雷フラグ,友人におすすめ,ワクワク,怖い,感動,イケメン・美人,胸キュン,爆発・暴力,あり得ない,勉強になる,悲しい,笑える,社会派,アクション,絵が美しい🥰
13の理由,0,7.0,3.0,3.0,7.0,7.0,5.0,0.0,0.0,7.0,10.0,0.0,10.0,0.0,2.0
7番房の奇跡,0,10.0,5.666666666666667,6.333333333333333,10.0,4.666666666666667,0.6666666666666666,6.333333333333333,6.0,7.333333333333333,10.0,6.333333333333333,8.333333333333334,2.0,6.333333333333333
"ARASHI Anniversary Tour 5×20 FILM ""Record of Memories""",0,9.0,9.0,0.0,10.0,8.0,7.0,1.0,0.0,2.0,1.0,9.0,0.0,0.0,10.0
ARASHI Anniversary Tour 5×20 FILM “Record of Memories”,0,10.0,10.0,0.0,10.0,10.0,0.0,2.0,0.0,0.0,0.0,9.0,0.0,6.0,10.0
Gladiator,1,8.0,2.0,8.0,8.0,8.0,4.0,10.0,3.0,7.0,10.0,0.0,6.0,10.0,10.0
IT,0,1.0,7.0,6.0,7.0,9.0,2.0,9.0,7.0,2.0,6.0,1.0,0.0,10.0,10.0
LEON,0,10.0,9.0,9.0,10.0,10.0,10.0,10.0,6.0,3.0,10.0,4.0,8.0,10.0,7.0
MEG ザ・モンスター,1,1.0,1.0,9.0,5.0,6.0,2.0,9.0,10.0,1.0,1.0,0.0,0.0,10.0,1.0
Mr. & Mrs. Smith,0,0.0,9.0,2.0,3.0,10.0,4.0,7.0,5.0,1.0,2.0,7.0,1.0,9.0,7.0
NARUTO -ナルト- 疾風伝 火の意志を継ぐ者,0,6.0,1.0,3.0,4.0,8.0,0.0,10.0,8.0,0.0,9.0,0.0,0.0,10.0,10.0
PとJK,0,3.0,5.0,0.0,5.0,9.0,6.0,3.0,8.0,0.0,0.0,1.0,0.0,6.5,7.0
Sex and the City,0,8.0,10.0,0.0,7.0,8.0,7.0,0.0,6.0,0.0,2.0,10.0,0.0,0.0,5.0
TRICK,0,9.0,8.0,4.0,6.0,10.0,4.0,9.0,9.0,0.0,5.0,10.0,5.0,5.0,4.0
The Blind side,0,8.0,8.0,0.0,10.0,5.0,5.0,4.0,1.0,9.0,0.0,4.0,0.0,1.0,1.0
The way,0,0.0,0.0,0.0,7.0,0.0,0.0,4.0,2.0,1.0,5.0,2.0,0.0,0.0,7.0
gifted ギフテッド,0,0.0,0.0,0.0,0.0,0.0,0.0,0.0,0.0,0.0,0.0,0.0,0.0,0.0,0.0
ういらぶ,0,6.0,7.0,1.0,7.0,10.0,10.0,3.0,5.0,2.0,4.0,7.0,5.0,2.0,6.0
おおかみこどもの雨と雪,0,7.0,4.0,3.25,7.25,3.25,2.75,2.75,8.75,3.0,7.75,3.0,5.0,2.75,6.75
お嬢さん,1,5.0,8.0,8.0,2.0,8.0,5.0,10.0,9.0,0.0,6.0,0.0,0.0,0.0,10.0
かぐや姫の物語,0,3.0,2.5,2.0,4.0,2.0,2.5,0.5,1.5,5.0,7.0,2.5,4.0,0.5,5.5
きっとうまくいく,0,10.0,10.0,0.0,8.0,5.0,5.0,0.0,7.0,2.0,5.0,10.0,0.0,8.0,5.0
この世界の片隅に,0,9.0,3.0,8.0,10.0,0.0,0.0,8.0,1.0,10.0,10.0,1.0,10.0,0.0,9.0
こんな夜更けにバナナかよ,0,5.0,4.0,4.0,9.0,7.0,3.0,4.0,1.0,9.0,6.0,7.0,9.0,2.0,5.0
となりのトトロ,0,8.4,8.4,1.4,9.4,4.4,4.0,1.8,4.4,4.8,4.0,6.2,4.4,3.0,9.8
ぼくは明日、昨日のきみとデートする,0,9.0,2.0,1.0,10.0,9.0,8.0,1.0,9.0,1.0,10.0,3.0,2.0,1.0,5.0
またの名をグレイス,0,5.0,1.0,7.0,2.0,10.0,1.0,0.0,0.0,0.0,7.0,0.0,3.0,0.0,3.0
もののけ姫,0,8.2,8.2,5.6,8.6,7.2,5.2,4.4,5.0,3.4,2.8,1.4,2.0,5.8,9.8
るろうに剣心,0,6.0,4.0,7.0,8.0,9.0,7.0,9.0,9.0,7.0,8.0,0.0,7.0,10.0,5.0
アイ・アム・サム,0,8.0,6.0,5.0,10.0,6.0,1.0,2.0,2.0,8.0,10.0,7.0,8.0,3.0,5.0
アイ，トーニャ 史上最大のスキャンダル,0,6.0,3.0,6.0,6.0,7.0,3.0,9.0,0.0,0.0,5.0,0.0,6.0,6.0,0.0
アナと雪の女王,0,7.5,9.0,1.5,10.0,7.0,6.5,3.0,5.0,0.0,5.0,6.0,0.0,8.0,9.0
アマデウス,1,0.5,0.0,0.0,0.5,0.5,0.0,0.0,0.5,4.0,2.5,0.0,0.0,0.0,3.5
アラジン,0,9.333333333333334,8.333333333333334,0.6666666666666666,7.666666666666667,8.0,8.666666666666666,2.6666666666666665,9.0,1.0,4.0,6.666666666666667,2.333333333333333,5.0,8.666666666666666
アリスインワンダーランド,0,6.0,6.0,6.0,7.0,6.0,3.0,3.0,7.0,2.0,2.0,2.0,3.0,4.0,6.0
アンナチュラル,0,10.0,6.0,6.0,10.0,10.0,5.0,8.0,4.0,8.0,10.0,6.0,3.0,8.0,7.0
イニシエーションラブ,0,3.0,9.0,9.0,3.0,6.0,3.0,1.0,10.0,3.0,2.0,7.0,6.0,1.0,3.0
インシテミル,1,3.0,4.0,10.0,0.0,8.0,1.0,6.0,10.0,0.0,8.0,0.0,0.0,10.0,3.0
エイリアニスト,1,3.0,3.0,10.0,5.0,9.0,4.0,7.0,2.0,0.0,6.0,1.0,2.0,4.0,2.0
オデッセイ,0,9.0,8.0,8.0,8.0,8.0,5.0,6.0,8.0,8.0,4.0,4.0,5.0,0.0,7.0
オペラ座の怪人,0,8.0,2.0,8.0,10.0,10.0,8.0,2.0,8.0,1.0,9.0,0.0,0.0,0.0,8.0
オーシャンズ,0,9.0,1.0,1.0,9.0,1.0,1.0,1.0,0.0,9.0,1.0,1.0,3.0,1.0,9.0
カンフーパンダ,0,10.0,10.0,5.0,10.0,7.0,4.0,6.0,9.0,7.0,7.0,10.0,10.0,10.0,10.0
キム秘書はいったい、なぜ？,0,8.0,5.0,5.0,6.0,10.0,10.0,8.0,4.0,3.0,7.0,6.0,4.0,2.0,6.0
キャビン,1,2.0,6.0,8.0,0.0,3.0,0.0,8.0,8.0,0.0,2.0,4.0,7.0,9.0,2.0
キャリー,0,8.0,8.0,7.0,6.0,7.0,4.0,9.0,10.0,0.0,7.0,5.0,3.0,10.0,10.0
キングダム,0,10.0,10.0,7.0,10.0,10.0,8.0,10.0,10.0,10.0,10.0,10.0,7.0,10.0,10.0
クイーンズ・ギャンビット,0,9.0,10.0,3.0,7.5,10.0,4.0,0.0,0.5,3.0,9.0,0.0,5.0,5.0,9.0
クリスマスキャロル,0,8.0,8.0,9.0,9.0,0.0,0.0,3.0,7.0,9.0,0.0,5.0,0.0,0.0,10.0
グランド・イリュージョン,0,10.0,10.0,3.0,5.0,7.0,2.0,5.0,3.0,0.0,3.0,5.0,0.0,10.0,2.0
グレイテスト・ショーマン,0,10.0,9.25,0.75,10.0,7.25,4.25,1.5,0.75,8.0,7.0,8.0,9.25,2.0,4.25
グレムリン,0,10.0,10.0,4.0,7.0,5.0,7.0,5.0,10.0,2.0,6.0,9.0,2.0,6.0,0.0
コクリコ坂から,0,7.0,7.0,2.0,7.0,7.0,7.0,0.0,1.0,6.0,2.0,2.0,0.0,0.0,9.0
コーヒーが冷めないうちに,0,4.0,2.0,3.0,4.0,7.0,4.0,1.0,8.0,8.0,7.0,5.0,6.0,1.0,4.0
ゴジラ,0,9.0,1.0,10.0,1.0,0.0,0.0,10.0,8.0,7.0,9.0,0.0,8.0,10.0,3.0
ザ・コール,0,4.0,8.0,10.0,2.0,4.0,0.0,9.0,9.0,0.0,10.0,0.0,1.0,2.0,0.0
シャイニング続編,1,6.0,8.0,10.0,5.0,5.0,0.0,7.0,5.0,0.0,9.0,0.0,0.0,3.0,1.0
ショーシャンクの空に,0,7.5,6.75,2.25,7.5,6.0,2.25,3.75,0.75,4.5,7.5,0.75,7.5,0.0,1.6666666666666667
シング,0,6.0,6.0,3.0,7.0,3.0,4.0,4.0,8.0,4.0,4.0,7.0,4.0,3.0,5.0
シンデレラ,0,10.0,7.0,1.0,10.0,10.0,10.0,2.0,2.0,2.0,2.0,2.0,2.0,2.0,10.0
ジュラシックワールド,0,7.0,8.0,5.0,3.0,3.0,0.0,8.0,10.0,7.0,6.0,0.0,4.0,8.0,6.0
スタンドバイミードラえもん,0,10.0,7.0,2.0,10.0,2.0,8.0,4.0,1.0,8.0,9.0,9.0,5.0,2.0,4.0
スペック,0,7.0,8.0,8.0,7.0,8.0,1.0,8.0,8.0,0.0,7.0,9.0,5.0,5.0,0.0
スマホを落としただけなのに1,0,8.0,5.0,9.0,6.0,9.0,3.0,8.0,3.0,6.0,6.0,0.0,5.0,6.0,7.0
スマホを落としただけなのに2,0,7.0,5.0,10.0,7.0,9.0,6.0,9.0,3.0,7.0,5.0,0.0,5.0,7.0,7.0
セッション,1,2.0,4.0,10.0,4.0,0.0,0.0,10.0,10.0,3.0,3.0,1.0,0.0,0.0,7.0
セトウツミ,0,7.0,5.0,0.0,3.0,6.0,0.0,0.0,0.0,0.0,0.0,10.0,0.0,0.0,3.0
ダイナー,1,0.0,1.0,5.0,1.0,9.0,1.0,9.0,8.0,0.0,1.0,0.0,0.0,1.0,3.0
ダンサーインザダーク,1,0.0,6.0,6.0,6.0,3.0,1.0,3.0,3.0,7.0,10.0,0.0,9.0,6.0,5.0
ダンボ,0,6.0,7.0,1.0,7.0,8.0,7.0,1.0,3.0,3.0,2.0,4.0,2.0,4.0,8.0
チアダン,0,8.75,7.75,0.75,9.0,9.25,4.25,0.5,1.25,3.75,3.0,5.0,2.5,3.75,3.75
チャーリーとチョコレート工場,0,7.0,4.0,9.0,7.0,0.0,0.0,3.0,8.0,9.0,5.0,8.0,0.0,1.0,10.0
ツイン・ピークス,0,8.0,8.0,8.0,7.0,8.0,1.0,7.0,10.0,3.0,7.0,0.0,7.0,7.0,7.0
テネット,0,2.0,6.0,6.0,8.0,5.0,0.0,10.0,10.0,5.0,10.0,2.0,3.0,10.0,1.0
テルマエ・ロマエ,0,7.0,5.0,3.0,5.0,5.0,5.0,4.0,9.0,5.0,4.0,9.0,4.0,4.0,7.0
トイストーリー,0,9.0,0.0,4.0,9.0,0.0,0.0,3.0,10.0,2.0,5.0,8.0,0.0,9.0,10.0
トイストーリー4,0,8.0,8.0,2.0,9.0,0.0,8.0,2.0,10.0,0.0,5.0,7.0,0.0,8.0,7.0
トップガン,1,6.0,6.0,5.0,7.0,9.0,8.0,7.0,4.0,6.0,8.0,7.0,6.0,7.0,5.0
ドクタースリープ,1,5.0,8.0,10.0,5.0,5.0,0.0,10.0,8.0,0.0,9.0,0.0,0.0,7.0,0.0
ドラえもん,1,0.0,0.0,0.0,0.0,0.0,0.0,0.0,0.0,0.0,0.0,0.0,0.0,0.0,0.0
ナイト　ミュージアム,0,7.0,6.0,5.0,8.0,7.0,4.0,5.0,9.0,5.0,5.0,7.0,4.0,5.0,0.0
ナルニア国物語　,0,10.0,8.0,0.3333333333333333,5.0,8.333333333333334,2.0,1.3333333333333333,6.666666666666667,0.0,0.6666666666666666,0.0,0.0,10.0,9.0
ハウルの動く城,0,8.75,9.25,4.75,8.5,9.5,6.75,5.0,6.75,2.25,2.5,3.5,0.25,3.5,7.0
ハッピーフライト,0,8.0,8.0,4.0,8.0,8.0,8.0,1.0,5.0,7.0,3.0,9.0,1.0,1.0,1.0
ハリーポッターとアズカバンの囚人,0,9.0,9.0,5.0,5.0,8.0,1.0,3.0,3.0,2.0,1.0,5.0,0.0,4.0,10.0
ハリーポッターと不死鳥の騎士団,0,10.0,10.0,7.0,5.0,10.0,8.0,7.0,6.0,2.0,9.0,5.0,0.0,5.0,10.0
ハリーポッターと死の秘宝,0,9.0,9.0,8.0,9.0,10.0,8.0,8.0,6.0,2.0,10.0,3.0,0.0,7.0,10.0
ハリーポッターと炎のゴブレット,0,9.0,10.0,7.0,5.0,10.0,10.0,5.0,6.0,2.0,10.0,5.0,0.0,6.0,10.0
ハリーポッターと秘密の部屋,0,9.0,10.0,5.0,5.0,8.0,1.0,3.0,3.0,2.0,1.0,5.0,0.0,4.0,10.0
ハリーポッターと謎のプリンス,0,9.0,9.0,8.0,5.0,10.0,8.0,8.0,6.0,2.0,8.0,3.0,0.0,7.0,10.0
ハリーポッターと賢者の石,0,6.25,5.0,3.5,3.25,4.25,1.0,1.75,5.75,1.0,1.75,2.5,0.0,5.0,2.5
バケモノの子,0,7.666666666666667,7.0,4.0,7.0,4.0,5.0,7.666666666666667,8.0,4.333333333333333,4.333333333333333,4.666666666666667,4.333333333333333,6.0,8.666666666666666
バックトゥザフューチャー1,0,10.0,10.0,0.0,8.0,4.0,2.0,6.0,10.0,0.0,0.0,5.0,0.0,7.0,2.0
バックトゥザフューチャー2,0,10.0,10.0,0.0,8.0,4.0,2.0,6.0,10.0,0.0,0.0,5.0,0.0,7.0,2.0
バックトゥザフューチャー3,0,10.0,10.0,0.0,8.0,4.0,2.0,6.0,10.0,0.0,0.0,5.0,0.0,7.0,2.0
パイレーツオブカリビアン,0,8.0,8.0,7.0,8.0,8.0,6.0,8.0,2.0,3.0,2.0,4.0,3.0,19.0,7.0
パフューム,1,5.0,10.0,8.0,4.0,10.0,0.0,6.0,10.0,0.0,4.0,0.0,0.0,4.0,10.0
パラサイト,1,10.0,7.0,10.0,2.0,4.0,2.0,9.0,4.5,5.0,8.0,8.0,10.0,6.0,7.0
パルプフィクション,1,5.0,9.0,7.0,5.0,9.0,1.0,10.0,6.666666666666667,0.0,2.0,8.0,7.0,6.5,2.5
ビッグバンセオリー,0,9.0,7.0,0.0,1.0,7.0,8.0,0.0,0.5,5.0,0.0,10.0,6.0,0.0,2.0
ビリギャル,0,10.0,7.0,1.0,10.0,8.0,2.0,1.0,1.0,10.0,2.0,7.0,8.0,1.0,4.0
ピッチパーフェクト,0,8.0,7.0,0.0,6.0,7.0,2.0,4.0,4.0,0.0,0.0,8.0,7.0,0.0,2.0
ファンタスティックビースト,0,10.0,10.0,1.0,4.0,5.0,6.0,5.0,10.0,0.0,4.0,0.0,0.0,0.0,8.0
フォレスト・ガンプ,1,10.0,10.0,3.0,9.0,9.0,5.0,5.0,1.5,3.0,5.0,9.0,2.0,2.0,8.0
フリーバッグ,0,0.0,4.0,4.0,5.0,8.0,4.0,6.0,2.0,5.0,4.0,6.0,4.0,6.0,7.0
フレンズ,0,5.0,2.0,0.0,2.0,7.0,5.0,0.0,0.0,0.0,0.0,10.0,2.0,0.0,0.0
ブラザーベア,0,10.0,5.0,0.0,10.0,0.0,0.0,5.0,5.0,0.0,10.0,3.0,0.0,0.0,5.0
ブラッドダイアモンド,0,8.0,6.5,7.5,9.0,7.5,3.5,9.0,3.5,8.0,8.0,0.5,9.5,8.0,5.0
ブレイブストーリー,0,10.0,10.0,7.0,10.0,8.0,2.0,10.0,8.0,7.0,9.0,4.0,0.0,9.0,8.0
プラダを着た悪魔,0,7.25,4.0,1.5,6.5,7.5,4.25,0.5,0.75,6.75,1.25,0.0,4.0,0.0,6.25
プーと大人になった僕,0,8.0,8.0,1.0,10.0,7.0,7.0,1.0,2.0,5.0,6.0,2.0,2.0,3.0,8.0
ホームアローン,0,8.0,10.0,6.0,5.0,0.0,0.0,2.0,8.0,0.0,0.0,10.0,0.0,2.0,5.0
ホーム・アローン,0,9.0,9.0,5.0,6.0,5.0,3.0,6.0,6.0,5.0,4.0,8.0,4.0,6.0,5.0
ボイス２～112の奇跡～ボイス～112の奇跡～,0,8.0,6.0,8.0,8.0,10.0,2.0,10.0,4.5,5.0,8.0,0.0,0.0,10.0,2.0
ボヘミアンラプソディ,0,8.0,6.0,4.0,9.0,5.0,4.0,5.0,2.0,6.0,8.0,5.0,7.0,4.0,9.0
ボヘミアンラプソディー,0,10.0,10.0,5.0,10.0,8.0,4.0,8.0,10.0,10.0,8.0,10.0,10.0,8.0,10.0
ボヘミアン・ラプソディー,0,10.0,9.0,2.0,10.0,3.0,4.0,1.0,1.5,7.0,7.0,7.0,5.0,2.0,8.0
マイネームイズハーン,1,9.0,3.0,5.0,9.0,6.0,6.0,8.0,8.0,8.0,9.0,7.0,8.0,0.0,0.0
マスカレイド・ナイト,0,9.0,7.0,2.0,5.0,8.0,0.0,1.0,2.0,1.0,0.0,2.0,0.0,4.0,6.0
マスカレードホテル,1,5.0,3.0,7.0,2.0,8.0,3.0,7.0,2.0,4.0,2.0,2.0,7.0,1.0,3.0
マーズ・アタック！,1,2.0,0.0,1.0,1.0,5.0,1.0,6.0,5.0,0.0,0.0,7.0,0.0,6.0,2.0
ミスタービーン,0,10.0,10.0,4.0,3.0,4.0,3.0,0.0,3.0,2.0,0.0,10.0,4.0,7.0,0.0
ミスト,1,3.0,8.0,10.0,0.0,6.0,3.0,10.0,5.0,10.0,10.0,0.0,9.0,10.0,5.0
ミッションインポッシブル　フォールアウト,0,8.0,10.0,1.0,5.0,9.0,0.0,10.0,10.0,0.0,1.0,7.0,5.0,10.0,8.0
ミッドサマー,1,0.0,2.0,10.0,0.0,2.0,0.0,8.0,5.0,1.0,6.0,8.0,9.0,10.0,8.0
ミッドナイト・ランナー,0,7.0,8.0,9.0,5.0,8.0,0.0,9.0,5.0,8.0,5.0,5.0,9.0,10.0,2.0
ミュウと波動の勇者ルカリオ,1,9.0,8.0,9.0,7.0,4.0,1.0,1.0,2.0,3.0,8.0,5.0,1.0,9.0,10.0
メリーポピンズ,0,10.0,8.0,2.0,8.0,7.0,7.0,3.0,2.0,4.0,2.0,5.0,2.0,6.0,9.0
メン・イン・ブラック,0,9.0,9.0,8.0,5.0,7.0,4.0,8.0,10.0,3.0,2.0,8.0,3.0,8.0,6.0
ユリゴコロ,0,0.0,2.0,10.0,4.0,6.0,0.0,10.0,2.5,2.0,10.0,0.0,2.0,10.0,4.0
ライオン,0,7.0,3.0,7.0,8.0,3.0,0.0,6.0,0.0,8.0,8.0,3.0,8.0,4.0,2.0
ライフ・イズ・ビューティフル,0,10.0,0.0,4.0,10.0,0.0,0.0,7.0,4.0,10.0,10.0,5.0,10.0,0.0,2.0
ラブ・アクチュアリー,1,8.0,0.0,0.0,8.0,10.0,9.0,1.0,5.0,3.0,6.0,8.0,4.0,0.0,5.0
ランボーラストブラッド,1,0.0,9.0,9.0,5.0,8.0,2.0,10.0,5.0,2.0,8.0,0.0,3.0,10.0,2.5
レオン,0,8.666666666666666,8.333333333333334,3.0,9.333333333333334,10.0,3.6666666666666665,8.666666666666666,7.666666666666667,0.0,5.333333333333333,0.6666666666666666,2.6666666666666665,4.333333333333333,1.6666666666666667
レ・ミゼラブル,0,9.0,8.0,2.0,10.0,9.0,3.0,8.0,0.0,8.0,10.0,0.0,8.0,5.0,5.0
ロードオブザリング,0,10.0,10.0,0.0,10.0,3.0,3.0,1.0,5.0,5.0,10.0,6.0,3.0,10.0,10.0
ローマの休日,0,9.0,9.0,0.6666666666666666,5.0,6.0,3.6666666666666665,0.0,4.0,0.0,1.6666666666666667,2.0,0.0,4.0,10.0
ワンダー君は太陽,0,8.5,5.0,0.0,10.0,5.0,1.5,0.0,0.0,8.0,7.0,5.0,4.0,0.0,5.5
ワンピース,0,8.0,10.0,6.0,8.0,6.0,2.0,8.0,10.0,4.0,6.0,7.0,5.0,6.0,8.0
ワンピースエピソードオブチョッパー冬に咲く、奇跡の桜,0,10.0,10.0,4.0,10.0,8.0,6.0,8.0,10.0,10.0,10.0,10.0,10.0,10.0,10.0
ヴァイオレットエヴァーガーデン,1,0.0,0.0,0.0,0.0,0.0,0.0,0.0,0.0,0.0,0.0,0.0,0.0,0.0,0.0
ヴィオレッタ,0,7.0,2.0,0.0,7.0,10.0,0.0,3.0,3.0,2.0,6.0,0.0,2.0,0.0,0.0
ヴィンセントが教えてくれたこと,1,8.0,8.0,0.0,7.0,4.0,0.0,6.0,6.0,8.0,0.0,8.0,0.0,0.0,0.0
ヴェノム,1,7.0,8.0,9.0,6.0,8.0,5.0,10.0,8.0,0.0,0.0,10.0,0.0,10.0,0.0
三月のライオン,0,4.0,6.0,1.0,8.0,8.0,8.0,0.0,1.0,4.0,3.0,4.0,4.0,0.0,5.0
世界から猫が消えたなら,0,9.0,2.0,8.0,10.0,8.0,8.0,1.0,7.0,9.0,9.0,3.0,6.0,1.0,7.0
主戦場,1,8.0,8.0,3.0,2.0,0.0,0.0,0.0,0.0,10.0,3.0,4.0,10.0,0.0,0.0
人間失格-太宰治と3人の女たち-,1,5.0,4.0,5.0,6.0,9.0,4.0,2.0,5.0,4.0,6.0,2.0,0.0,0.0,7.0
人魚の眠る家,1,6.0,1.0,7.0,8.0,4.0,2.0,3.0,1.0,10.0,9.0,1.0,10.0,1.0,3.0
借りぐらしのアリエッティ,0,8.0,8.0,5.0,6.0,8.0,6.0,0.0,5.0,1.0,4.0,2.0,0.0,0.0,9.0
借り暮らしのアリエッティ,0,8.0,8.0,3.0,7.0,7.0,8.0,1.0,1.0,2.0,3.0,1.0,1.0,1.0,8.0
僕のヒーローアカデミア,0,6.0,8.0,6.0,9.0,6.0,4.0,10.0,10.0,5.0,8.0,8.0,4.0,7.0,7.0
僕のヒーローアカデミア 2人の英雄,0,7.0,5.0,1.0,4.0,8.0,0.0,10.0,8.0,0.0,0.0,0.0,0.0,10.0,10.0
千と千尋の神隠し,0,8.0,7.666666666666667,5.333333333333333,9.0,6.0,6.666666666666667,2.333333333333333,5.333333333333333,2.6666666666666665,4.333333333333333,4.0,2.6666666666666665,3.6666666666666665,9.666666666666666
名探偵コナン ゼロの執行人 ,0,9.0,1.0,1.0,4.0,10.0,0.0,10.0,8.0,0.0,0.0,0.0,0.0,10.0,10.0
名探偵コナンゼロの執行人,0,8.0,8.0,5.0,8.0,8.0,4.0,8.0,10.0,8.0,5.0,4.0,1.0,9.0,9.0
名探偵コナン純黒の悪夢,0,9.0,7.0,5.0,10.0,9.0,3.0,9.0,10.0,7.0,9.0,4.0,1.0,9.0,10.0
君の名は,0,8.0,7.0,5.0,7.0,4.0,6.0,2.0,3.5,5.0,6.0,4.0,3.0,5.0,9.0
君の名前で僕を呼んで,0,5.0,0.6666666666666666,0.0,9.0,9.333333333333334,5.666666666666667,0.0,0.3333333333333333,0.0,10.0,0.0,5.0,1.3333333333333333,10.0
君は月夜に光り輝く,0,7.0,6.0,3.0,8.0,9.0,9.0,1.0,9.0,3.0,8.0,5.0,4.0,2.0,7.0
告白,1,5.0,1.0,10.0,2.0,6.0,1.0,7.0,1.0,6.0,8.0,2.0,8.0,1.0,2.0
図書館戦争,0,10.0,9.0,7.0,7.0,7.0,7.0,6.0,6.0,5.0,5.0,6.0,4.0,7.0,6.0
天気の子,0,6.0,8.0,2.0,7.0,6.0,2.0,3.0,9.0,2.0,3.0,5.0,2.0,5.0,9.0
天空の城ラピュタ,0,8.666666666666666,8.0,3.0,7.0,5.333333333333333,6.666666666666667,3.6666666666666665,5.666666666666667,3.333333333333333,3.333333333333333,4.333333333333333,1.6666666666666667,6.333333333333333,9.333333333333334
天空の蜂,0,8.0,2.0,7.0,8.0,7.0,1.0,9.0,7.0,8.0,8.0,3.0,10.0,7.0,3.0
女神の見えざる手,0,1.0,8.0,7.0,8.0,7.0,4.0,4.0,3.0,7.0,6.0,3.0,8.0,3.0,8.0
子宮に沈める,1,1.0,0.0,10.0,2.0,0.0,0.0,8.0,4.5,10.0,10.0,0.0,8.0,3.0,2.0
存在のない子供たち,1,5.0,0.0,5.0,8.0,3.0,2.0,7.0,1.0,7.0,9.0,1.0,10.0,7.0,8.0
容疑者Xの献身,0,6.0,2.0,3.0,4.0,5.0,4.0,5.0,3.0,2.0,4.0,7.0,2.0,3.0,5.0
容疑者xの献身,0,9.0,0.0,3.0,10.0,5.0,0.0,3.0,1.0,0.0,10.0,0.0,5.0,2.0,0.0
宿命の大統領,0,10.0,10.0,7.0,7.0,7.0,4.0,8.0,2.0,5.0,6.0,3.0,10.0,9.0,3.0
崖の上のポニョ,0,6.2,6.8,1.0,7.0,2.0,4.8,0.2,3.8,3.6,0.6,5.4,0.4,2.8,8.0
平成狸合戦ぽんぽこ,1,3.0,5.0,6.0,5.0,2.0,2.0,6.0,9.0,7.0,7.0,6.0,7.0,7.0,5.0
幼い依頼人,1,6.0,2.0,10.0,9.0,5.0,0.0,10.0,2.0,8.0,10.0,1.0,8.0,4.0,1.0
思い出のマーニー,0,3.0,5.0,2.0,5.0,8.0,4.0,0.0,5.0,2.0,8.0,2.0,0.0,0.0,9.0
怪盗グルーのミニオン危機一髪,0,8.0,9.0,0.0,5.0,0.0,1.0,4.0,9.0,0.0,0.0,10.0,0.0,7.0,1.0
恋して悪魔,0,8.0,5.0,4.0,6.0,8.0,5.0,2.0,7.0,0.0,10.0,7.0,2.0,6.0,0.0
悪の教典,1,2.0,2.0,8.0,1.0,3.0,1.0,9.0,5.0,0.0,8.0,1.0,5.0,10.0,2.0
懺悔,0,2.0,2.0,9.0,1.0,1.0,1.0,7.0,8.0,2.0,2.0,2.0,2.0,1.0,1.0
戦場のメリークリスマス,1,9.0,3.0,4.0,5.0,6.0,7.0,4.0,5.0,6.0,9.0,2.0,4.0,7.0,8.0
新感染ファイナル・エクスプレス,0,8.0,2.0,10.0,10.0,4.0,0.0,10.0,7.0,0.0,10.0,0.0,0.0,10.0,0.0
暗黒女子,1,6.0,5.0,9.0,2.0,7.0,0.0,3.0,7.0,2.0,2.0,2.0,3.0,1.0,5.0
最強のふたり,0,9.333333333333334,9.0,2.333333333333333,9.333333333333334,8.0,4.0,5.333333333333333,3.333333333333333,9.333333333333334,9.333333333333334,9.333333333333334,8.666666666666666,5.333333333333333,6.333333333333333
植物図鑑,0,8.0,6.0,3.0,7.0,7.0,8.0,1.0,3.0,2.0,5.0,5.0,2.0,1.0,5.0
海の上のピアニスト,0,10.0,2.0,0.0,10.0,8.0,3.0,0.0,1.5,7.0,6.0,3.0,5.0,1.0,9.0
海猿,0,9.0,4.5,7.0,9.5,9.0,5.0,7.0,2.5,6.0,6.0,0.0,1.5,6.0,0.0
清須会議,0,5.0,6.0,7.0,1.0,1.0,0.0,3.0,0.0,10.0,5.0,9.0,8.0,0.0,0.0
溺れるナイフ,0,7.0,5.0,7.0,5.0,9.0,4.0,7.0,7.0,3.0,7.0,8.0,5.0,7.0,6.0
火垂るの墓,0,7.0,3.0,7.0,6.0,3.0,1.0,4.0,0.0,8.0,8.0,0.0,10.0,0.0,9.0
燃えよ剣,1,6.0,3.0,9.0,8.0,8.0,7.0,10.0,0.0,8.0,9.0,0.0,4.0,10.0,5.0
猫の恩返し,0,8.5,8.5,4.5,9.0,6.5,4.5,1.5,9.0,3.5,6.0,5.0,0.0,0.0,4.5
異端の鳥,0,1.0,1.0,10.0,5.0,2.0,0.0,10.0,3.5,3.0,7.0,0.0,6.0,0.0,9.0
皇帝ペンギン,0,7.0,7.0,2.0,9.0,0.0,1.0,0.0,0.0,9.0,4.0,2.0,1.0,0.0,10.0
真夏の方程式,0,7.5,5.0,4.5,8.0,8.0,3.0,2.0,1.0,3.5,5.5,2.5,4.0,1.0,4.5
神様の言うとおり,1,3.0,4.0,10.0,5.0,8.0,0.0,10.0,10.0,2.0,4.0,4.0,2.0,8.0,3.0
私の中のあなた,0,7.0,4.0,3.0,9.0,6.0,0.0,1.0,0.0,6.0,5.0,3.0,6.0,1.0,7.0
糸,0,8.0,6.0,1.0,9.0,8.0,8.0,0.0,3.0,4.0,4.0,4.0,5.0,2.0,8.0
紅き大魚の伝説,0,10.0,3.0,0.0,10.0,8.0,8.0,1.0,2.5,2.0,8.0,1.0,0.0,10.0,10.0
終わらない青,0,3.0,2.0,10.0,2.0,5.0,6.0,8.0,7.0,5.0,6.0,7.0,3.0,3.0,1.0
美女と野獣,0,8.5,6.5,2.0,9.5,9.0,9.0,3.0,4.0,3.0,3.5,3.0,1.0,2.5,9.0
耳をすませば,0,8.333333333333334,5.333333333333333,1.0,7.666666666666667,6.333333333333333,7.666666666666667,0.3333333333333333,2.333333333333333,1.3333333333333333,3.333333333333333,4.0,1.6666666666666667,0.6666666666666666,6.666666666666667
聲の形,0,10.0,3.0,3.0,10.0,0.0,6.0,4.0,5.0,8.0,8.0,2.0,10.0,0.0,9.0
花束みたいな恋をした,1,8.0,6.0,1.0,7.0,9.0,8.0,0.0,0.5,7.0,8.0,3.0,8.0,0.0,6.0
西の魔女が死んだ,0,7.0,8.0,0.0,8.0,7.0,3.0,2.0,2.0,7.0,8.0,5.0,5.0,0.0,0.0
近キョリ恋愛,1,2.0,1.0,0.0,1.0,8.0,2.0,0.0,5.0,0.0,0.0,0.0,1.0,9.0,2.0
進撃の巨人,1,0.0,0.0,2.0,0.0,8.0,0.0,8.0,10.0,0.0,0.0,0.0,0.0,8.0,0.0
進撃の巨人　実写版,1,1.0,0.0,8.0,1.0,7.0,0.0,8.0,10.0,0.0,0.0,0.0,0.0,8.0,0.0
陰陽師,1,3.0,7.0,8.0,5.0,7.0,3.0,5.0,10.0,4.0,0.0,0.0,5.0,7.0,0.0
青鬼,0,1.0,0.0,8.0,0.0,0.0,0.0,10.0,8.0,0.0,7.0,0.0,0.0,0.0,8.0
風の谷のナウシカ,0,8.0,8.0,3.5,9.0,8.5,7.5,1.5,3.5,4.0,3.5,2.5,3.5,3.0,9.5
風立ちぬ,0,7.0,6.5,3.5,7.5,7.0,6.0,0.5,1.0,7.0,4.0,1.5,3.5,0.5,7.5
鬼滅の刃列車編,1,9.0,9.0,6.333333333333333,9.0,6.333333333333333,2.0,9.333333333333334,6.333333333333333,6.666666666666667,10.0,10.0,6.666666666666667,10.0,9.0
鬼滅の刃無限列車編,0,7.0,7.0,8.0,9.0,5.0,1.0,9.0,10.0,1.0,9.0,6.0,1.0,7.0,8.0
魔女の宅急便,0,8.0,6.0,4.5,7.5,3.0,3.5,1.0,4.0,0.5,3.5,2.0,0.0,4.0,9.5
魔法にかけられて,0,6.0,8.0,2.0,8.0,8.0,8.0,2.0,2.0,2.0,1.0,3.0,2.0,2.0,9.0
２０世紀少年,1,5.0,7.0,8.0,6.0,5.0,3.0,8.0,8.0,4.0,7.0,4.0,0.0,0.0,0.0
